Date,Open,High,Low,Close,Adj Close,Volume
01/12/2003,45.709.000,45.728.001,45.449.001,45.480.000,45.480.000,0
 ,45.474.998,45.507.999,45.352.001,45.451.000,45.451.000,0
15/12/2003,45.450.001,45.500.000,45.332.001,45.455.002,45.455.002,0
22/12/2003,45.417.000,45.549.000,45.296.001,45.507.999,45.507.999,0
29/12/2003,45.439.999,45.645.000,45.421.001,45.560.001,45.560.001,0
05/01/2004,45.528.000,45.604.000,45.230.000,45.351.002,45.351.002,0
12/01/2004,45.328.999,45.405.998,45.231.998,45.352.001,45.352.001,0
19/01/2004,45.356.998,45.393.002,45.230.000,45.243.999,45.243.999,0
26/01/2004,45.250.000,45.332.001,45.000.000,45.000.000,45.000.000,0
02/02/2004,45.151.001,45.244.999,45.105.000,45.290.001,45.290.001,0
09/02/2004,45.166.000,45.373.001,45.080.002,45.373.001,45.373.001,0
16/02/2004,45.179.001,45.238.998,45.125.000,45.238.998,45.238.998,0
23/02/2004,45.173.000,45.286.999,45.115.002,45.195.999,45.195.999,0
01/03/2004,45.165.001,45.254.002,45.064.999,45.200.001,45.200.001,0
08/03/2004,45.200.001,45.278.999,45.051.998,45.278.999,45.278.999,0
15/03/2004,45.172.001,45.188.000,45.066.002,45.104.000,45.104.000,0
22/03/2004,45.091.999,45.110.001,44.334.999,44.520.000,44.520.000,0
29/03/2004,44.505.001,44.537.998,43.275.002,43.691.002,43.691.002,0
05/04/2004,43.691.002,43.716.999,43.366.001,43.522.999,43.522.999,0
12/04/2004,43.521.000,43.924.999,43.521.000,43.740.002,43.740.002,0
19/04/2004,43.731.998,44.115.002,43.688.000,44.109.001,44.109.001,0
26/04/2004,44.126.999,44.439.999,43.945.000,44.259.998,44.259.998,0
03/05/2004,44.285.999,44.889.999,44.262.001,44.529.999,44.529.999,0
10/05/2004,44.529.999,45.580.002,44.529.999,45.380.001,45.380.001,0
17/05/2004,45.380.001,45.898.998,45.046.001,45.182.999,45.182.999,0
24/05/2004,45.192.001,45.505.001,45.167.000,45.219.002,45.219.002,0
31/05/2004,45.290.001,45.396.000,44.950.001,44.972.000,44.972.000,0
07/06/2004,45.044.998,45.080.002,44.801.998,45.066.002,45.066.002,0
14/06/2004,44.994.999,45.595.001,44.994.999,45.507.999,45.507.999,0
21/06/2004,45.564.999,46.180.000,45.502.998,45.648.998,45.648.998,0
28/06/2004,45.681.000,46.025.002,45.501.999,45.501.999,45.501.999,0
05/07/2004,45.590.000,46.000.000,45.549.999,45.645.000,45.645.000,0
12/07/2004,45.612.999,46.130.001,45.563.000,46.088.001,46.088.001,0
19/07/2004,46.089.001,46.255.001,45.859.001,46.129.002,46.129.002,0
26/07/2004,46.139.999,46.415.001,46.091.999,46.237.999,46.237.999,0
02/08/2004,46.250.000,46.395.000,46.111.000,46.111.000,46.111.000,0
09/08/2004,46.192.001,46.410.000,46.105.000,46.229.000,46.229.000,0
16/08/2004,46.230.000,46.347.000,46.115.002,46.220.001,46.220.001,0
23/08/2004,46.208.000,46.292.999,46.125.000,46.209.999,46.209.999,0
30/08/2004,46.228.001,46.326.000,46.099.998,46.257.000,46.257.000,0
06/09/2004,46.228.001,46.301.998,46.105.000,46.172.001,46.172.001,0
13/09/2004,46.139.000,46.157.001,45.709.999,45.771.000,45.771.000,0
20/09/2004,45.784.000,45.875.999,45.693.001,45.799.999,45.799.999,0
27/09/2004,45.869.999,46.095.001,45.755.001,45.993.000,45.993.000,0
04/10/2004,45.849.998,45.856.998,45.625.000,45.674.999,45.674.999,0
11/10/2004,45.645.000,45.804.001,45.624.001,45.743.999,45.743.999,0
18/10/2004,45.749.001,45.782.001,45.570.999,45.610.001,45.610.001,0
25/10/2004,45.606.998,45.660.000,45.244.999,45.243.999,45.243.999,0
01/11/2004,45.317.001,45.480.000,44.943.001,44.959.999,44.959.999,0
08/11/2004,44.946.999,45.132.000,44.939.999,45.029.999,45.029.999,0
15/11/2004,45.032.001,45.080.002,44.837.002,44.930.000,44.930.000,0
22/11/2004,44.931.000,45.020.000,44.868.999,44.928.001,44.928.001,0
29/11/2004,44.888.000,44.919.998,43.932.999,43.991.001,43.991.001,0
06/12/2004,43.991.001,44.660.000,43.560.001,44.569.000,44.569.000,0
13/12/2004,44.570.999,44.588.001,43.654.999,43.875.999,43.875.999,0
20/12/2004,43.889.000,43.943.001,43.547.001,43.612.999,43.612.999,0
27/12/2004,43.612.000,43.779.999,43.265.999,43.307.999,43.307.999,0
03/01/2005,43.310.001,43.901.001,43.250.000,43.832.001,43.832.001,0
10/01/2005,43.827.000,43.959.000,43.479.000,43.520.000,43.520.000,0
17/01/2005,43.512.001,43.744.999,43.470.001,43.599.998,43.599.998,0
24/01/2005,43.587.002,43.762.001,43.549.999,43.580.002,43.580.002,0
31/01/2005,43.580.002,43.667.000,43.219.002,43.275.002,43.275.002,0
07/02/2005,43.384.998,43.757.999,43.287.998,43.700.001,43.700.001,0
14/02/2005,43.688.999,43.770.000,43.575.001,43.660.000,43.660.000,0
21/02/2005,43.651.001,43.750.000,43.520.000,43.599.998,43.599.998,0
28/02/2005,43.589.001,43.678.001,43.525.002,43.567.001,43.567.001,0
07/03/2005,43.610.001,43.658.001,43.396.999,43.419.998,43.419.998,0
14/03/2005,43.410.999,43.687.000,43.403.000,43.549.999,43.549.999,0
21/03/2005,43.537.998,43.821.999,43.520.000,43.619.999,43.619.999,0
28/03/2005,43.660.000,43.830.002,43.472.000,43.619.999,43.619.999,0
04/04/2005,43.493.000,43.820.000,43.481.998,43.599.998,43.599.998,0
11/04/2005,43.647.999,43.830.002,43.549.999,43.700.001,43.700.001,0
18/04/2005,43.692.001,43.790.001,43.551.998,43.660.000,43.660.000,0
25/04/2005,43.653.000,43.722.000,43.361.000,43.431.999,43.431.999,0
02/05/2005,43.432.999,43.599.998,43.259.998,43.430.000,43.430.000,0
09/05/2005,43.430.000,43.520.000,43.130.001,43.360.001,43.360.001,0
16/05/2005,43.349.998,43.599.998,43.314.999,43.450.001,43.450.001,0
23/05/2005,43.368.999,43.544.998,43.360.001,43.500.000,43.500.000,0
30/05/2005,43.431.999,43.766.998,43.400.002,43.560.001,43.560.001,0
06/06/2005,43.584.999,43.651.001,43.340.000,43.470.001,43.470.001,0
13/06/2005,43.472.000,43.660.000,43.417.999,43.459.999,43.459.999,0
20/06/2005,43.452.000,43.612.000,43.380.001,43.404.999,43.404.999,0
27/06/2005,43.430.000,43.564.999,43.375.000,43.459.999,43.459.999,0
04/07/2005,43.551.998,43.632.000,43.380.001,43.540.001,43.540.001,0
11/07/2005,43.540.001,44.409.000,43.380.001,43.470.001,43.470.001,0
18/07/2005,43.470.001,43.540.001,43.000.000,43.369.999,43.369.999,0
25/07/2005,43.369.999,43.564.999,43.258.999,43.360.001,43.360.001,0
01/08/2005,43.353.001,43.532.001,43.285.000,43.419.998,43.419.998,0
08/08/2005,43.410.000,43.590.000,43.396.000,43.520.000,43.520.000,0
15/08/2005,43.506.001,43.562.000,43.358.002,43.500.000,43.500.000,0
22/08/2005,43.490.002,43.755.001,43.477.001,43.599.998,43.599.998,0
29/08/2005,43.647.999,44.130.001,43.599.998,43.880.001,43.880.001,0
05/09/2005,43.870.998,43.935.001,43.632.000,43.740.002,43.740.002,0
12/09/2005,43.734.001,43.962.002,43.700.001,43.799.999,43.799.999,0
19/09/2005,43.787.998,43.939.999,43.759.998,43.849.998,43.849.998,0
26/09/2005,43.770.000,44.064.999,43.770.000,43.880.001,43.880.001,0
03/10/2005,43.872.002,44.349.998,43.855.999,44.259.998,44.259.998,0
10/10/2005,44.241.001,44.950.001,44.237.999,44.770.000,44.770.000,0
17/10/2005,44.727.001,45.375.000,44.712.002,45.009.998,45.009.998,0
24/10/2005,44.993.999,45.172.001,44.869.999,44.970.001,44.970.001,0
31/10/2005,44.985.001,45.520.000,44.973.000,45.419.998,45.419.998,0
07/11/2005,45.411.999,45.990.002,45.349.998,45.480.000,45.480.000,0
14/11/2005,45.615.002,45.799.999,45.500.999,45.660.000,45.660.000,0
21/11/2005,45.650.002,45.845.001,45.560.001,45.740.002,45.740.002,0
28/11/2005,45.733.002,46.195.000,45.650.002,46.060.001,46.060.001,0
05/12/2005,46.048.000,46.330.002,46.000.000,46.139.999,46.139.999,0
12/12/2005,46.132.000,46.202.000,45.125.000,45.279.999,45.279.999,0
19/12/2005,45.271.999,45.375.000,44.840.000,45.060.001,45.060.001,0
26/12/2005,45.049.999,45.294.998,44.924.999,44.970.001,44.970.001,0
02/01/2006,44.969.002,45.090.000,44.255.001,44.500.000,44.500.000,0
09/01/2006,44.485.001,44.500.000,43.889.999,44.070.000,44.070.000,0
16/01/2006,44.188.999,44.485.001,44.000.000,44.150.002,44.150.002,0
23/01/2006,44.270.000,44.345.001,43.919.998,43.939.999,43.939.999,0
30/01/2006,43.926.998,44.314.999,43.858.002,44.160.000,44.160.000,0
06/02/2006,44.140.999,44.285.000,44.019.001,44.040.001,44.040.001,0
13/02/2006,44.030.998,44.450.001,44.021.999,44.320.000,44.320.000,0
20/02/2006,44.305.000,44.599.998,44.200.001,44.290.001,44.290.001,0
27/02/2006,44.290.001,44.525.002,44.035.000,44.180.000,44.180.000,0
06/03/2006,44.180.000,44.555.000,44.119.999,44.459.999,44.459.999,0
13/03/2006,44.445.999,44.520.000,44.098.999,44.250.000,44.250.000,0
20/03/2006,44.250.000,44.630.001,44.195.000,44.424.999,44.424.999,0
27/03/2006,44.465.000,44.634.998,44.415.001,44.540.001,44.540.001,0
03/04/2006,44.528.999,44.645.000,44.334.999,44.404.999,44.404.999,0
10/04/2006,44.404.999,45.235.001,44.404.999,45.000.000,45.000.000,0
17/04/2006,44.992.001,45.200.001,44.945.000,44.994.999,44.994.999,0
24/04/2006,44.994.999,45.070.000,44.706.001,44.805.000,44.805.000,0
01/05/2006,44.805.000,44.919.998,44.735.001,44.779.999,44.779.999,0
08/05/2006,44.785.000,45.035.000,44.741.001,44.825.001,44.825.001,0
15/05/2006,45.099.998,45.555.000,44.625.000,45.360.001,45.360.001,0
22/05/2006,45.354.000,45.817.001,45.279.999,45.755.001,45.755.001,0
29/05/2006,45.896.999,46.414.001,45.580.002,45.605.000,45.605.000,0
05/06/2006,45.583.000,46.014.999,45.583.000,45.744.999,45.744.999,0
12/06/2006,45.805.000,45.985.001,45.625.000,45.625.000,45.625.000,0
19/06/2006,45.848.000,46.134.998,45.755.001,45.939.999,45.939.999,0
26/06/2006,45.933.998,46.356.998,45.805.000,45.880.001,45.880.001,0
03/07/2006,45.872.002,46.090.000,45.785.000,45.860.001,45.860.001,0
10/07/2006,45.851.002,46.390.999,45.841.999,46.125.000,46.125.000,0
17/07/2006,46.328.999,46.924.999,46.324.001,46.580.002,46.580.002,0
24/07/2006,46.569.000,46.904.999,46.455.002,46.465.000,46.465.000,0
31/07/2006,46.590.000,46.679.001,46.355.000,46.459.999,46.459.999,0
07/08/2006,46.431.000,46.521.999,46.255.001,46.424.999,46.424.999,0
14/08/2006,46.424.999,46.544.998,46.279.999,46.400.002,46.400.002,0
21/08/2006,46.389.000,46.529.999,46.340.000,46.345.001,46.345.001,0
28/08/2006,46.459.999,46.500.000,46.283.001,46.507.999,46.507.999,0
04/09/2006,46.314.999,46.384.998,45.985.001,45.994.999,45.994.999,0
11/09/2006,46.160.000,46.278.999,45.884.998,45.884.998,45.884.998,0
18/09/2006,46.047.001,46.064.999,45.709.999,45.709.999,45.709.999,0
25/09/2006,45.740.002,45.902.000,45.694.000,45.715.000,45.715.000,0
02/10/2006,45.779.999,45.782.001,45.355.000,45.355.000,45.355.000,0
09/10/2006,45.508.999,45.733.002,45.244.999,45.299.999,45.299.999,0
16/10/2006,45.297.001,45.396.999,45.124.001,45.125.000,45.125.000,0
23/10/2006,45.229.000,45.355.000,44.986.000,45.005.001,45.005.001,0
30/10/2006,45.000.000,45.019.001,44.695.000,44.695.000,44.695.000,0
06/11/2006,44.813.999,44.832.001,44.395.000,44.485.001,44.485.001,0
13/11/2006,44.612.000,45.279.999,44.605.000,44.685.001,44.685.001,0
20/11/2006,44.779.999,45.035.000,44.529.999,44.529.999,44.529.999,0
27/11/2006,44.529.999,44.759.998,44.435.001,44.435.001,44.435.001,0
04/12/2006,44.560.001,44.740.002,44.355.000,44.465.000,44.465.000,0
11/12/2006,44.560.001,44.919.998,44.466.999,44.500.000,44.500.000,0
18/12/2006,44.493.999,44.869.999,44.305.000,44.305.000,44.305.000,0
25/12/2006,44.305.000,44.590.000,44.040.001,44.040.001,44.040.001,0
01/01/2007,44.220.001,44.480.000,44.040.001,44.220.001,44.220.001,0
08/01/2007,44.365.002,44.619.999,44.209.999,44.255.001,44.255.001,0
15/01/2007,44.349.998,44.384.998,44.025.002,44.084.999,44.084.999,0
22/01/2007,44.084.999,44.294.998,44.014.999,44.040.001,44.040.001,0
29/01/2007,44.014.999,44.327.499,43.919.998,43.919.998,43.919.998,0
05/02/2007,43.935.001,44.139.999,43.117.001,43.980.000,43.980.000,0
12/02/2007,43.971.001,44.205.002,43.805.000,44.000.000,44.000.000,0
19/02/2007,43.993.000,44.282.501,43.915.001,44.200.001,44.200.001,0
26/02/2007,44.189.999,44.345.001,43.959.000,44.035.000,44.035.000,0
05/03/2007,44.498.001,44.650.002,44.005.001,44.009.998,44.009.998,0
12/03/2007,43.855.000,44.352.501,43.855.000,43.889.999,43.889.999,0
19/03/2007,44.033.001,44.040.001,43.215.000,43.305.000,43.305.000,0
26/03/2007,43.292.000,43.735.001,42.709.999,43.044.998,43.044.998,0
02/04/2007,43.200.001,43.235.001,42.681.000,42.695.000,42.695.000,0
09/04/2007,42.847.500,43.014.999,42.365.002,42.365.002,42.365.002,0
16/04/2007,42.365.002,42.520.000,41.505.001,41.520.000,41.520.000,0
23/04/2007,41.665.001,41.732.498,40.485.001,40.724.998,40.724.998,0
30/04/2007,41.349.998,41.430.000,40.514.999,40.680.000,40.680.000,0
07/05/2007,40.671.001,41.415.001,40.500.000,40.674.999,40.674.999,0
14/05/2007,41.037.498,41.037.498,40.286.999,40.299.999,40.299.999,0
21/05/2007,40.294.998,40.665.001,40.075.001,40.520.000,40.520.000,0
28/05/2007,40.512.001,40.810.001,40.125.000,40.215.000,40.215.000,0
04/06/2007,40.500.000,41.130.001,40.124.001,40.759.998,40.759.998,0
11/06/2007,40.990.002,41.064.999,40.419.998,40.459.999,40.459.999,0
18/06/2007,40.520.000,40.845.001,40.425.999,40.494.999,40.494.999,0
25/06/2007,40.680.000,41.047.501,40.525.002,40.529.999,40.529.999,0
02/07/2007,40.619.999,40.669.998,40.229.000,40.310.001,40.310.001,0
09/07/2007,40.400.002,40.632.000,40.127.998,40.200.001,40.200.001,0
16/07/2007,40.404.999,40.445.000,40.125.000,40.125.000,40.125.000,0
23/07/2007,40.340.000,40.535.000,40.046.001,40.320.000,40.320.000,0
30/07/2007,40.572.498,40.575.001,40.115.002,40.195.000,40.195.000,0
06/08/2007,40.259.998,40.695.000,40.187.000,40.400.002,40.400.002,0
13/08/2007,40.513.000,41.615.002,40.342.999,41.000.000,41.000.000,0
20/08/2007,40.992.001,41.180.000,40.715.000,40.840.000,40.840.000,0
27/08/2007,40.980.000,41.302.502,40.575.001,40.575.001,40.575.001,0
03/09/2007,40.660.000,40.947.498,40.340.000,40.599.998,40.599.998,0
10/09/2007,40.419.998,40.610.001,40.269.001,40.285.000,40.285.000,0
17/09/2007,40.430.000,40.599.998,39.587.002,39.770.000,39.770.000,0
24/09/2007,39.820.000,39.830.002,39.425.999,39.575.001,39.575.001,0
01/10/2007,39.580.002,39.855.000,39.150.002,39.404.999,39.404.999,0
08/10/2007,39.389.999,39.537.498,39.028.999,39.095.001,39.095.001,0
15/10/2007,39.299.999,39.825.001,39.145.000,39.450.001,39.450.001,0
22/10/2007,39.892.502,39.900.002,39.235.001,39.235.001,39.235.001,0
29/10/2007,39.235.001,39.455.002,39.146.000,39.265.999,39.265.999,0
05/11/2007,39.233.002,39.365.002,38.979.000,39.044.998,39.044.998,0
12/11/2007,38.995.998,39.384.998,38.987.999,39.174.999,39.174.999,0
19/11/2007,39.294.998,39.630.001,39.139.000,39.599.998,39.599.998,0
26/11/2007,39.514.999,39.884.998,39.382.999,39.362.999,39.362.999,0
03/12/2007,39.394.001,39.619.999,39.169.998,39.360.001,39.360.001,0
10/12/2007,39.351.002,39.415.001,39.215.000,39.240.002,39.240.002,0
17/12/2007,39.365.002,39.632.500,39.223.000,39.235.001,39.235.001,0
24/12/2007,39.470.001,39.509.998,39.186.001,39.244.999,39.244.999,0
31/12/2007,39.395.000,39.465.000,39.084.000,39.095.001,39.095.001,0
07/01/2008,39.340.000,39.340.000,39.064.999,39.095.001,39.095.001,0
14/01/2008,39.279.999,39.334.999,39.084.000,39.134.998,39.134.998,0
21/01/2008,39.340.000,39.759.998,39.084.999,39.245.998,39.245.998,0
28/01/2008,39.292.000,39.465.000,39.055.000,39.055.000,39.055.000,0
04/02/2008,39.330.002,39.724.998,39.064.999,39.535.000,39.535.000,0
11/02/2008,39.639.999,39.880.001,39.494.999,39.584.999,39.584.999,0
18/02/2008,39.669.998,40.209.999,39.581.001,39.974.998,39.974.998,0
25/02/2008,40.000.000,40.075.001,39.615.002,39.910.000,39.910.000,0
03/03/2008,40.169.998,40.630.001,39.990.002,40.355.000,40.355.000,0
10/03/2008,40.560.001,40.700.001,39.869.999,40.075.001,40.075.001,0
17/03/2008,40.759.998,40.810.001,40.104.000,40.185.001,40.185.001,0
24/03/2008,40.369.999,40.404.999,39.615.002,39.615.002,39.615.002,0
31/03/2008,39.834.999,40.070.000,39.761.002,39.805.000,39.805.000,0
07/04/2008,39.915.001,40.037.498,39.775.002,39.775.002,39.775.002,0
14/04/2008,39.875.000,39.980.000,39.646.999,39.665.001,39.665.001,0
21/04/2008,39.860.001,40.240.002,39.735.001,39.990.002,39.990.002,0
28/04/2008,40.134.998,40.715.000,40.000.000,40.485.001,40.485.001,0
05/05/2008,40.630.001,41.740.002,40.435.001,41.500.000,41.500.000,0
12/05/2008,41.599.998,42.860.001,41.583.000,42.435.001,42.435.001,0
19/05/2008,42.185.001,43.169.998,42.164.001,42.610.001,42.610.001,0
26/05/2008,42.750.000,42.950.001,42.084.999,42.084.999,42.084.999,0
02/06/2008,42.084.999,42.915.001,42.084.999,42.564.999,42.564.999,0
09/06/2008,42.845.001,42.950.001,42.583.000,42.805.000,42.805.000,0
16/06/2008,42.880.001,42.970.001,42.702.999,42.799.999,42.799.999,0
23/06/2008,42.959.999,42.970.001,42.525.002,42.715.000,42.715.000,0
30/06/2008,42.915.001,43.362.499,42.839.001,43.084.999,43.084.999,0
07/07/2008,43.119.999,43.389.999,42.646.999,42.728.001,42.728.001,0
14/07/2008,42.865.002,43.205.002,42.584.999,42.595.001,42.595.001,0
21/07/2008,42.779.999,42.825.001,41.794.998,42.084.999,42.084.999,0
28/07/2008,42.299.999,42.735.001,42.185.001,42.433.998,42.433.998,0
04/08/2008,null,null,null,null,null,null
11/08/2008,null,null,null,null,null,null
18/08/2008,null,null,null,null,null,null
25/08/2008,43.955.002,44.062.500,43.430.000,43.625.000,43.625.000,0
01/09/2008,43.930.000,44.639.999,43.869.999,44.573.002,44.573.002,0
08/09/2008,44.573.002,45.744.999,44.130.001,45.560.001,45.560.001,0
15/09/2008,45.560.001,46.948.002,45.243.000,45.705.002,45.705.002,0
22/09/2008,45.560.001,46.570.999,45.222.000,46.498.001,46.498.001,0
29/09/2008,46.498.001,47.165.001,46.147.999,46.973.000,46.973.000,0
06/10/2008,46.973.000,49.119.999,46.973.000,48.423.000,48.423.000,0
13/10/2008,48.459.999,48.990.002,47.577.999,48.823.002,48.823.002,0
20/10/2008,48.823.002,49.994.999,48.660.000,49.755.001,49.755.001,0
27/10/2008,49.980.000,50.255.001,48.483.002,49.403.000,49.403.000,0
03/11/2008,49.403.000,49.403.000,46.849.998,47.555.000,47.555.000,0
10/11/2008,47.555.000,49.452.499,47.215.000,48.783.001,48.783.001,0
17/11/2008,48.985.001,50.613.998,48.762.001,49.548.000,49.548.000,0
24/11/2008,50.044.998,50.233.002,48.798.000,49.568.001,49.568.001,0
01/12/2008,50.119.999,50.557.999,49.423.000,49.563.000,49.563.000,0
08/12/2008,49.230.000,49.573.002,47.938.000,48.233.002,48.233.002,0
15/12/2008,48.233.002,48.233.002,46.587.002,47.037.998,47.037.998,0
22/12/2008,47.270.000,49.099.998,47.270.000,48.682.999,48.682.999,0
29/12/2008,48.200.001,49.075.001,47.970.001,48.244.999,48.244.999,0
05/01/2009,48.799.999,49.119.999,48.022.999,48.292.999,48.292.999,0
12/01/2009,48.299.999,49.132.999,48.299.999,48.643.002,48.643.002,0
19/01/2009,48.779.999,49.283.001,48.506.001,49.018.002,49.018.002,0
26/01/2009,48.627.998,49.099.998,48.430.000,48.733.002,48.733.002,0
02/02/2009,48.733.002,49.080.002,48.373.001,48.623.001,48.623.001,0
09/02/2009,48.623.001,48.938.000,48.463.001,48.598.000,48.598.000,0
16/02/2009,48.598.000,50.037.998,48.598.000,49.733.002,49.733.002,0
23/02/2009,49.553.001,51.123.001,49.257.000,50.893.002,50.893.002,0
02/03/2009,50.893.002,52.160.000,50.893.002,51.682.999,51.682.999,0
09/03/2009,51.682.999,51.990.002,50.983.002,51.452.999,51.452.999,0
16/03/2009,51.452.999,51.669.998,50.070.000,50.563.000,50.563.000,0
23/03/2009,50.563.000,50.990.002,50.098.999,50.493.000,50.493.000,0
30/03/2009,50.493.000,51.252.998,49.728.001,49.928.001,49.928.001,0
06/04/2009,49.928.001,50.605.000,49.605.999,49.627.998,49.627.998,0
13/04/2009,49.627.998,50.020.000,49.369.999,49.803.001,49.803.001,0
20/04/2009,49.803.001,50.525.002,49.598.000,49.693.001,49.693.001,0
27/04/2009,49.693.001,50.542.999,49.060.001,49.192.001,49.192.001,0
04/05/2009,50.029.999,50.029.999,49.073.002,49.147.999,49.147.999,0
11/05/2009,49.147.999,50.020.000,49.049.999,49.382.999,49.382.999,0
18/05/2009,49.382.999,49.382.999,46.930.000,47.145.000,47.145.000,0
25/05/2009,47.099.998,48.080.002,46.949.001,47.112.999,47.112.999,0
01/06/2009,47.112.999,47.310.001,46.714.001,47.068.001,47.068.001,0
08/06/2009,47.099.998,47.759.998,47.049.999,47.308.998,47.308.998,0
15/06/2009,47.599.998,48.294.998,47.573.002,48.018.002,48.018.002,0
22/06/2009,48.018.002,48.928.001,48.018.002,48.018.002,48.018.002,0
29/06/2009,48.018.002,48.252.998,47.702.000,47.807.999,47.807.999,0
06/07/2009,47.807.999,49.020.000,47.807.999,48.763.000,48.763.000,0
13/07/2009,48.763.000,49.428.001,48.279.999,48.563.000,48.563.000,0
20/07/2009,48.740.002,48.740.002,48.089.001,48.162.998,48.162.998,0
27/07/2009,48.162.998,48.570.000,47.625.999,47.625.999,47.625.999,0
03/08/2009,47.625.999,47.963.001,47.272.999,47.737.999,47.737.999,0
10/08/2009,47.737.999,48.483.002,47.654.999,48.193.001,48.193.001,0
17/08/2009,48.193.001,48.983.002,48.193.001,48.432.999,48.432.999,0
24/08/2009,48.432.999,48.900.002,48.389.999,48.528.000,48.528.000,0
31/08/2009,48.650.002,48.924.999,48.509.998,48.868.000,48.868.000,0
07/09/2009,48.580.002,48.612.999,48.368.999,48.394.001,48.394.001,0
14/09/2009,48.639.999,48.639.999,47.997.002,48.037.998,48.037.998,0
21/09/2009,48.000.000,48.279.999,47.882.999,47.938.000,47.938.000,0
28/09/2009,47.862.999,48.132.999,47.623.001,47.627.998,47.627.998,0
05/10/2009,47.627.998,47.709.999,46.208.000,46.458.000,46.458.000,0
12/10/2009,46.410.000,46.678.001,45.799.999,46.217.999,46.217.999,0
19/10/2009,46.083.000,46.814.999,45.932.499,46.428.001,46.428.001,0
26/10/2009,46.428.001,47.619.999,46.410.000,46.917.999,46.917.999,0
02/11/2009,46.903.000,47.438.000,46.733.002,46.740.002,46.740.002,0
09/11/2009,46.799.999,46.799.999,46.240.002,46.257.999,46.257.999,0
16/11/2009,46.330.002,46.757.999,45.990.002,46.643.002,46.643.002,0
23/11/2009,46.520.000,47.064.999,45.840.000,46.553.001,46.553.001,0
30/11/2009,46.553.001,46.553.001,46.000.000,46.150.002,46.150.002,0
07/12/2009,46.150.002,46.849.998,46.150.002,46.473.000,46.473.000,0
14/12/2009,46.473.000,46.958.000,46.473.000,46.702.999,46.702.999,0
21/12/2009,46.702.999,46.897.999,46.650.002,46.650.002,46.650.002,0
28/12/2009,46.533.001,46.764.999,46.400.002,46.610.001,46.610.001,0
04/01/2010,46.610.001,46.610.001,45.483.002,45.518.002,45.518.002,0
11/01/2010,45.764.999,45.813.000,45.223.000,45.803.001,45.803.001,0
18/01/2010,45.803.001,46.313.000,45.502.998,46.223.000,46.223.000,0
25/01/2010,46.150.002,46.548.000,45.848.000,46.098.000,46.098.000,0
01/02/2010,46.098.000,46.750.000,45.900.002,46.737.999,46.737.999,0
08/02/2010,46.737.999,46.868.000,46.318.001,46.400.002,46.400.002,0
15/02/2010,46.400.002,46.472.500,45.950.001,46.252.998,46.252.998,0
22/02/2010,46.252.998,46.487.999,45.900.002,46.068.001,46.068.001,0
01/03/2010,45.967.999,46.133.999,45.400.002,45.507.999,45.507.999,0
08/03/2010,45.610.001,45.658.001,45.250.000,45.498.001,45.498.001,0
15/03/2010,45.498.001,45.669.998,45.250.000,45.268.002,45.268.002,0
22/03/2010,45.268.002,45.700.001,45.090.000,45.138.000,45.138.000,0
29/03/2010,45.235.001,45.235.001,44.590.000,44.807.999,44.807.999,0
05/04/2010,44.889.999,44.889.999,44.119.999,44.119.999,44.119.999,0
12/04/2010,44.119.999,44.674.999,44.119.999,44.318.001,44.318.001,0
19/04/2010,44.318.001,44.737.999,44.290.001,44.290.001,44.290.001,0
26/04/2010,44.290.001,44.757.999,44.217.999,44.217.999,44.217.999,0
03/05/2010,44.217.999,45.717.999,44.217.999,45.417.999,45.417.999,0
10/05/2010,45.417.999,45.417.999,44.750.000,45.217.999,45.217.999,0
17/05/2010,45.209.999,47.330.002,45.209.999,46.917.999,46.917.999,0
24/05/2010,46.917.999,47.730.000,46.299.999,46.327.999,46.327.999,0
31/05/2010,46.327.999,47.270.000,46.327.999,46.868.000,46.868.000,0
07/06/2010,46.868.000,47.400.002,46.709.999,46.778.000,46.778.000,0
14/06/2010,46.830.002,46.830.002,45.978.001,45.978.001,45.978.001,0
21/06/2010,45.978.001,46.598.000,45.540.001,46.358.002,46.358.002,0
28/06/2010,46.358.002,46.778.000,46.070.000,46.568.001,46.568.001,0
05/07/2010,46.779.999,47.145.000,46.520.000,46.658.001,46.658.001,0
12/07/2010,46.658.001,46.932.999,46.400.002,46.702.999,46.702.999,0
19/07/2010,46.770.000,47.428.001,46.080.002,46.917.999,46.917.999,0
26/07/2010,46.939.999,47.053.001,46.349.998,46.368.000,46.368.000,0
02/08/2010,46.400.002,46.400.002,45.950.001,46.056.000,46.056.000,0
09/08/2010,45.958.000,47.029.999,45.939.999,46.709.999,46.709.999,0
16/08/2010,46.627.998,46.880.001,46.257.999,46.358.002,46.358.002,0
23/08/2010,46.608.002,47.018.002,46.560.001,46.787.998,46.787.998,0
30/08/2010,46.803.001,47.103.001,46.467.999,46.599.998,46.599.998,0
06/09/2010,46.577.999,46.868.000,46.202.999,46.303.001,46.303.001,0
13/09/2010,46.480.000,46.480.000,45.768.002,46.099.998,46.099.998,0
20/09/2010,45.877.998,45.877.998,45.090.000,45.450.001,45.450.001,0
27/09/2010,45.240.002,45.278.000,44.403.000,44.563.000,44.563.000,0
04/10/2010,44.412.998,44.779.999,42.209.999,44.200.001,44.200.001,0
11/10/2010,44.408.001,44.757.999,43.987.999,44.068.001,44.068.001,0
18/10/2010,44.158.001,44.592.999,44.158.001,44.200.001,44.200.001,0
25/10/2010,44.590.000,44.610.001,44.240.002,44.419.998,44.419.998,0
01/11/2010,44.320.000,44.478.001,43.840.000,44.013.000,44.013.000,0
08/11/2010,44.205.002,44.868.000,44.189.999,44.240.002,44.240.002,0
15/11/2010,44.778.000,45.564.999,44.778.000,45.150.002,45.150.002,0
22/11/2010,45.290.001,45.873.001,45.182.999,45.557.999,45.557.999,0
29/11/2010,45.709.999,46.110.001,44.900.002,45.130.001,45.130.001,0
06/12/2010,44.912.998,45.330.002,44.500.000,45.049.999,45.049.999,0
13/12/2010,44.950.001,45.605.000,44.849.998,45.250.000,45.250.000,0
20/12/2010,45.167.999,45.654.999,44.950.001,45.060.001,45.060.001,0
27/12/2010,45.110.001,45.278.000,44.654.999,44.810.001,44.810.001,0
03/01/2011,44.818.001,45.522.999,44.599.998,45.180.000,45.180.000,0
10/01/2011,45.358.002,45.548.000,44.910.000,44.959.999,44.959.999,0
17/01/2011,45.360.001,45.842.999,45.298.000,45.778.000,45.778.000,0
24/01/2011,45.588.001,45.853.001,45.450.001,45.688.000,45.688.000,0
31/01/2011,45.838.001,46.009.998,45.410.000,45.560.001,45.560.001,0
07/02/2011,45.608.002,45.775.002,45.150.002,45.630.001,45.630.001,0
14/02/2011,45.685.001,45.685.001,45.099.998,45.209.999,45.209.999,0
21/02/2011,45.195.000,45.490.002,44.917.999,45.400.002,45.400.002,0
28/02/2011,45.250.000,45.302.502,44.750.000,44.849.998,44.849.998,0
07/03/2011,44.980.000,45.285.000,44.849.998,45.110.001,45.110.001,0
14/03/2011,45.237.999,45.360.001,44.950.001,45.049.999,45.049.999,0
21/03/2011,44.998.001,45.083.000,44.549.999,44.599.998,44.599.998,0
28/03/2011,44.693.001,44.893.002,44.389.999,44.450.001,44.450.001,0
04/04/2011,44.264.999,44.465.000,43.930.000,44.099.998,44.099.998,0
11/04/2011,44.063.000,44.592.999,44.055.000,44.419.998,44.419.998,0
18/04/2011,44.320.000,44.689.999,44.250.000,44.259.998,44.259.998,0
25/04/2011,44.365.002,44.615.002,44.208.000,44.299.999,44.299.999,0
02/05/2011,44.215.000,44.889.999,44.215.000,44.700.001,44.700.001,0
09/05/2011,44.790.001,45.040.001,44.590.000,44.709.999,44.709.999,0
16/05/2011,44.849.998,45.169.998,44.849.998,44.849.998,44.849.998,0
23/05/2011,45.000.000,45.419.998,45.000.000,45.189.999,45.189.999,0
30/05/2011,45.173.000,45.173.000,44.750.000,44.759.998,44.759.998,0
06/06/2011,44.823.002,44.823.002,44.573.002,44.599.998,44.599.998,0
13/06/2011,44.723.000,44.959.999,44.549.999,44.799.999,44.799.999,0
20/06/2011,44.860.001,45.053.001,44.709.999,44.849.998,44.849.998,0
27/06/2011,44.990.002,45.130.001,44.450.001,44.592.999,44.592.999,0
04/07/2011,44.623.001,44.623.001,44.292.999,44.330.002,44.330.002,0
11/07/2011,44.412.998,44.750.000,44.349.998,44.400.002,44.400.002,0
18/07/2011,44.520.000,44.662.998,44.299.999,44.299.999,44.299.999,0
25/07/2011,44.408.001,44.431.000,43.852.501,44.009.998,44.009.998,0
01/08/2011,44.180.000,44.842.999,44.025.002,44.563.000,44.563.000,0
08/08/2011,44.730.000,45.450.001,44.730.000,45.292.999,45.292.999,0
15/08/2011,45.180.000,45.744.999,45.169.998,45.709.999,45.709.999,0
22/08/2011,45.924.999,46.200.001,45.549.999,46.009.998,46.009.998,0
29/08/2011,46.153.000,46.153.000,40.700.001,45.700.001,45.700.001,0
05/09/2011,45.737.999,46.658.001,45.737.999,46.130.001,46.130.001,0
12/09/2011,46.570.000,48.000.000,46.570.000,47.500.000,47.500.000,0
19/09/2011,47.169.998,49.889.999,47.169.998,49.473.000,49.473.000,0
26/09/2011,49.419.998,49.763.000,48.653.000,48.860.001,48.860.001,0
03/10/2011,49.450.001,49.529.999,48.900.002,49.040.001,49.040.001,0
10/10/2011,49.150.002,49.459.999,48.813.000,49.200.001,49.200.001,0
17/10/2011,48.893.002,50.313.000,48.689.999,49.860.001,49.860.001,0
24/10/2011,49.823.002,50.002.998,48.627.998,49.790.001,49.790.001,0
31/10/2011,48.759.998,49.537.998,48.603.001,49.048.000,49.048.000,0
07/11/2011,49.022.999,50.340.000,48.900.002,49.959.999,49.959.999,0
14/11/2011,50.110.001,51.397.999,49.919.998,50.948.002,50.948.002,0
21/11/2011,51.228.001,52.720.001,51.228.001,52.063.000,52.063.000,0
28/11/2011,52.259.998,52.423.000,51.049.999,51.299.999,51.299.999,0
05/12/2011,51.103.001,52.330.002,51.103.001,51.700.001,51.700.001,0
12/12/2011,52.040.001,54.303.001,52.040.001,53.209.999,53.209.999,0
19/12/2011,52.700.001,53.209.999,52.393.002,52.509.998,52.509.998,0
26/12/2011,52.783.001,53.487.999,52.680.000,53.000.000,53.000.000,0
02/01/2012,53.099.998,53.330.002,52.599.998,52.673.000,52.673.000,0
09/01/2012,52.810.001,52.845.001,51.298.000,51.432.999,51.432.999,0
16/01/2012,51.432.999,51.785.000,50.080.002,50.223.000,50.223.000,0
23/01/2012,50.305.000,50.395.000,49.294.998,49.388.000,49.388.000,0
30/01/2012,49.388.000,49.805.000,48.549.999,48.653.000,48.653.000,0
06/02/2012,48.653.000,49.750.000,48.610.001,49.353.001,49.353.001,0
13/02/2012,49.353.001,49.525.002,49.049.999,49.318.001,49.318.001,0
20/02/2012,49.103.001,49.323.002,48.924.999,49.007.999,49.007.999,0
27/02/2012,49.007.999,49.598.000,48.845.001,49.518.002,49.518.002,0
05/03/2012,49.709.999,50.750.000,49.400.002,50.073.002,50.073.002,0
12/03/2012,49.830.002,50.463.001,49.650.002,50.132.999,50.132.999,0
19/03/2012,50.160.000,51.298.000,50.000.000,51.167.999,51.167.999,0
26/03/2012,51.167.999,51.480.000,50.400.002,50.868.000,50.868.000,0
02/04/2012,50.813.000,51.233.002,50.509.998,51.033.001,51.033.001,0
09/04/2012,51.105.000,51.632.999,51.000.000,51.542.999,51.542.999,0
16/04/2012,51.290.001,52.193.001,51.250.000,52.068.001,52.068.001,0
23/04/2012,52.080.002,52.860.001,52.000.000,52.537.998,52.537.998,0
30/04/2012,52.432.499,53.904.999,52.419.998,53.467.999,53.467.999,0
07/05/2012,53.730.000,53.912.998,52.669.998,53.627.998,53.627.998,0
14/05/2012,53.667.999,54.893.002,53.542.999,54.417.999,54.417.999,0
21/05/2012,54.417.999,56.377.998,54.417.999,55.368.000,55.368.000,0
28/05/2012,55.368.000,56.487.999,55.029.999,55.537.998,55.537.998,0
04/06/2012,55.540.001,55.895.000,54.349.998,55.417.999,55.417.999,0
11/06/2012,55.417.999,56.070.000,55.080.002,55.388.000,55.388.000,0
18/06/2012,55.330.002,57.330.002,55.325.001,57.118.000,57.118.000,0
25/06/2012,57.145.000,57.237.999,55.450.001,55.502.998,55.502.998,0
02/07/2012,55.570.000,55.900.002,54.169.998,55.403.000,55.403.000,0
09/07/2012,55.403.000,56.063.000,54.869.999,55.138.000,55.138.000,0
16/07/2012,55.150.002,55.537.998,54.775.002,55.318.001,55.318.001,0
23/07/2012,55.320.000,56.428.001,55.233.002,55.248.001,55.248.001,0
30/07/2012,55.248.001,56.193.001,55.200.001,55.748.001,55.748.001,0
06/08/2012,55.740.002,55.740.002,54.900.002,55.278.000,55.278.000,0
13/08/2012,55.270.000,56.018.002,55.160.000,55.728.001,55.728.001,0
20/08/2012,55.522.999,55.730.000,55.119.999,55.498.001,55.498.001,0
27/08/2012,55.500.000,55.880.001,55.490.002,55.518.002,55.518.002,0
03/09/2012,55.520.000,56.020.000,55.268.002,55.358.002,55.358.002,0
10/09/2012,55.358.002,55.540.001,53.900.002,54.298.000,54.298.000,0
17/09/2012,54.299.999,54.403.000,53.340.000,53.358.002,53.358.002,0
24/09/2012,53.450.001,53.618.000,52.498.001,52.848.000,52.848.000,0
01/10/2012,52.848.000,53.000.000,51.403.000,51.908.001,51.908.001,0
08/10/2012,51.849.998,53.173.000,51.849.998,52.803.001,52.803.001,0
15/10/2012,52.803.001,53.990.002,52.650.002,53.838.001,53.838.001,0
22/10/2012,53.889.999,53.889.999,53.348.000,53.548.000,53.548.000,0
29/10/2012,53.825.001,54.200.001,53.599.998,53.807.999,53.807.999,0
05/11/2012,53.805.000,54.791.000,53.805.000,54.588.001,54.588.001,0
12/11/2012,54.588.001,55.182.999,54.588.001,55.158.001,55.158.001,0
19/11/2012,55.160.000,55.599.998,54.799.999,55.443.001,55.443.001,0
26/11/2012,55.509.998,55.869.999,54.222.000,54.257.999,54.257.999,0
03/12/2012,54.259.998,54.950.001,54.022.999,54.338.001,54.338.001,0
10/12/2012,54.338.001,54.667.999,54.099.998,54.438.000,54.438.000,0
17/12/2012,54.400.002,55.268.002,54.400.002,54.848.000,54.848.000,0
24/12/2012,55.075.001,55.205.002,54.682.999,54.752.998,54.752.998,0
31/12/2012,54.658.001,55.178.001,54.099.998,54.880.001,54.880.001,0
07/01/2013,55.064.999,55.368.000,54.352.001,54.868.000,54.868.000,0
14/01/2013,54.730.000,54.882.999,53.708.000,53.737.999,53.737.999,0
21/01/2013,53.737.999,53.950.001,53.377.998,53.792.999,53.792.999,0
28/01/2013,53.820.000,54.042.999,53.029.999,53.162.998,53.162.998,0
04/02/2013,53.162.998,53.658.001,52.882.999,53.588.001,53.588.001,0
11/02/2013,53.553.001,54.333.000,53.459.999,54.318.001,54.318.001,0
18/02/2013,54.318.001,54.612.999,54.018.002,54.272.999,54.272.999,0
25/02/2013,54.174.999,54.932.999,53.605.999,54.897.999,54.897.999,0
04/03/2013,54.889.999,55.130.001,54.268.002,54.342.999,54.342.999,0
11/03/2013,54.279.999,54.509.998,53.959.999,54.022.999,54.022.999,0
18/03/2013,54.000.000,54.537.998,53.897.999,54.342.999,54.342.999,0
25/03/2013,54.320.000,54.463.001,54.070.000,54.278.000,54.278.000,0
01/04/2013,54.279.999,54.923.000,54.200.001,54.803.001,54.803.001,0
08/04/2013,54.790.001,54.820.000,54.250.000,54.513.000,54.513.000,0
15/04/2013,54.520.000,54.790.001,53.783.001,53.932.999,53.932.999,0
22/04/2013,53.970.001,54.438.000,53.950.001,54.373.001,54.373.001,0
29/04/2013,54.340.000,54.380.001,53.599.998,53.779.999,53.779.999,0
06/05/2013,53.930.000,54.803.001,53.759.998,54.803.001,54.803.001,0
13/05/2013,54.803.001,55.014.999,54.537.998,54.888.000,54.888.000,0
20/05/2013,54.880.001,55.990.002,54.849.998,55.813.000,55.813.000,0
27/05/2013,55.630.001,56.748.001,55.518.002,56.573.002,56.573.002,0
03/06/2013,56.500.000,57.108.002,56.307.999,57.057.999,57.057.999,0
10/06/2013,56.748.001,58.978.001,56.688.000,57.498.001,57.498.001,0
17/06/2013,57.498.001,59.958.000,57.498.001,59.268.002,59.268.002,0
24/06/2013,59.268.002,60.748.001,59.209.999,59.526.001,59.526.001,0
01/07/2013,59.526.001,61.384.998,58.959.000,60.223.000,60.223.000,0
08/07/2013,60.223.000,61.200.001,59.388.000,59.883.999,59.883.999,0
15/07/2013,59.610.001,60.280.499,58.560.001,59.333.000,59.333.000,0
22/07/2013,59.333.000,59.849.998,58.650.002,59.060.001,59.060.001,0
29/07/2013,59.060.001,61.220.001,59.040.001,61.098.000,61.098.000,0
05/08/2013,60.950.001,61.808.998,60.299.999,60.723.999,60.723.999,0
12/08/2013,60.349.998,62.490.002,60.349.998,62.490.002,62.490.002,0
19/08/2013,62.490.002,65.553.001,62.230.000,64.070.000,64.070.000,0
26/08/2013,64.070.000,69.209.999,63.680.000,66.589.996,66.589.996,0
02/09/2013,66.589.996,68.610.001,64.239.998,65.237.999,65.237.999,0
09/09/2013,65.237.999,65.237.999,62.919.998,63.290.001,63.290.001,0
16/09/2013,63.290.001,63.623.001,61.599.998,62.720.001,62.720.001,0
23/09/2013,62.720.001,63.189.999,61.639.999,62.910.000,62.910.000,0
30/09/2013,62.910.000,63.450.001,59.889.999,61.380.001,61.380.001,0
07/10/2013,61.380.001,62.299.999,60.000.000,60.990.002,60.990.002,0
14/10/2013,60.990.002,61.919.998,60.000.000,61.240.002,61.240.002,0
21/10/2013,61.240.002,61.810.001,60.619.999,61.439.999,61.439.999,0
28/10/2013,61.439.999,62.380.001,61.029.999,62.200.001,62.200.001,0
04/11/2013,62.200.001,63.689.999,61.430.000,63.340.000,63.340.000,0
11/11/2013,63.340.000,63.959.999,62.709.999,62.709.999,62.709.999,0
18/11/2013,62.709.999,63.119.999,61.470.001,62.240.002,62.240.002,0
25/11/2013,62.240.002,62.869.999,61.860.001,62.459.999,62.459.999,0
02/12/2013,62.459.999,62.549.999,61.049.999,61.150.002,61.150.002,0
09/12/2013,61.150.002,62.310.001,60.730.000,62.188.000,62.188.000,0
16/12/2013,62.188.000,62.650.002,61.599.998,62.020.000,62.020.000,0
23/12/2013,61.993.000,62.145.000,61.570.000,61.669.998,61.669.998,0
30/12/2013,61.669.998,62.570.000,61.590.000,62.230.000,62.230.000,0
06/01/2014,62.230.000,62.450.001,61.320.000,61.439.999,61.439.999,0
13/01/2014,61.439.999,61.900.002,61.139.999,61.549.999,61.549.999,0
20/01/2014,61.549.999,62.759.998,61.349.998,62.730.000,62.730.000,0
27/01/2014,62.730.000,63.380.001,62.070.000,62.500.000,62.500.000,0
03/02/2014,62.500.000,62.869.999,61.790.001,62.090.000,62.090.000,0
10/02/2014,62.090.000,62.492.500,61.650.002,61.830.002,61.830.002,0
17/02/2014,61.830.002,62.439.999,61.700.001,62.009.998,62.009.998,0
24/02/2014,62.009.998,62.209.999,61.630.001,61.820.000,61.820.000,0
03/03/2014,61.820.000,62.169.998,60.770.000,61.230.000,61.230.000,0
10/03/2014,61.230.000,61.580.002,60.529.999,60.980.000,60.980.000,0
17/03/2014,60.980.000,61.360.001,60.740.002,61.020.000,61.020.000,0
24/03/2014,61.020.000,61.020.000,59.639.999,59.840.000,59.840.000,0
31/03/2014,59.882.999,60.419.998,59.592.999,59.669.998,59.669.998,0
07/04/2014,59.669.998,60.380.001,59.669.998,60.340.000,60.340.000,0
14/04/2014,60.173.000,60.580.002,60.090.000,60.150.002,60.150.002,0
21/04/2014,60.287.998,61.200.001,60.150.002,60.630.001,60.630.001,0
28/04/2014,60.638.000,60.730.000,59.900.002,60.020.000,60.020.000,0
05/05/2014,60.178.001,60.234.001,59.779.999,59.849.998,59.849.998,0
12/05/2014,59.958.000,60.103.001,58.520.000,58.560.001,58.560.001,0
19/05/2014,58.577.999,58.853.001,58.169.998,58.419.998,58.419.998,0
26/05/2014,58.518.002,59.203.999,58.360.001,58.900.002,58.900.002,0
02/06/2014,59.188.000,59.442.501,58.770.000,59.167.999,59.167.999,0
09/06/2014,59.167.999,59.830.002,58.830.002,59.702.999,59.702.999,0
16/06/2014,59.702.999,60.529.999,59.439.999,60.167.999,60.167.999,0
23/06/2014,60.080.002,60.410.000,59.700.001,60.080.002,60.080.002,0
30/06/2014,60.037.998,60.252.998,59.240.002,59.717.999,59.717.999,0
07/07/2014,59.717.999,60.298.000,59.577.999,60.088.001,60.088.001,0
14/07/2014,60.088.001,60.619.999,59.910.000,60.278.000,60.278.000,0
21/07/2014,60.278.000,60.342.999,59.740.002,60.053.001,60.053.001,0
28/07/2014,60.049.999,61.430.000,59.910.000,61.208.000,61.208.000,0
04/08/2014,61.208.000,61.720.001,60.669.998,61.138.000,61.138.000,0
11/08/2014,61.138.000,61.330.002,60.639.999,60.772.999,60.772.999,0
18/08/2014,60.959.999,60.959.999,60.270.000,60.463.001,60.463.001,0
25/08/2014,60.463.001,60.689.999,60.279.999,60.513.000,60.513.000,0
01/09/2014,60.513.000,60.700.001,60.110.001,60.369.999,60.369.999,0
08/09/2014,60.200.001,61.049.999,60.070.000,60.647.999,60.647.999,0
15/09/2014,60.647.999,61.200.001,60.599.998,60.853.001,60.853.001,0
22/09/2014,60.820.000,61.599.998,60.590.000,61.138.000,61.138.000,0
29/09/2014,61.380.001,62.009.998,61.138.000,61.537.998,61.537.998,0
06/10/2014,61.537.998,61.709.999,60.779.999,61.278.000,61.278.000,0
13/10/2014,61.278.000,61.950.001,60.740.002,61.358.002,61.358.002,0
20/10/2014,61.358.002,61.358.002,61.000.000,61.162.998,61.162.998,0
27/10/2014,61.162.998,61.608.002,61.049.999,61.432.999,61.432.999,0
03/11/2014,61.397.999,61.740.002,61.169.998,61.493.000,61.493.000,0
10/11/2014,61.400.002,61.853.001,61.310.001,61.708.000,61.708.000,0
17/11/2014,61.708.000,62.240.002,61.410.000,61.759.998,61.759.998,0
24/11/2014,61.680.000,62.230.000,61.520.000,61.853.001,61.853.001,0
01/12/2014,62.202.999,62.230.000,54.700.001,61.910.999,61.910.999,0
08/12/2014,61.910.999,62.590.000,61.763.000,62.518.002,62.518.002,0
15/12/2014,62.518.002,63.950.001,62.270.000,62.983.002,62.983.002,0
22/12/2014,63.237.999,63.650.002,62.939.999,63.590.000,63.590.000,0
29/12/2014,63.513.000,63.778.000,62.880.001,63.028.000,63.028.000,0
05/01/2015,63.278.000,63.618.000,61.599.998,62.667.999,62.667.999,0
12/01/2015,62.348.000,62.348.000,61.410.000,62.057.999,62.057.999,0
19/01/2015,61.862.999,61.888.000,61.230.000,61.598.000,61.598.000,0
26/01/2015,61.310.001,62.080.002,61.070.000,62.013.000,62.013.000,0
02/02/2015,62.013.000,62.040.001,61.540.001,61.733.002,61.733.002,0
09/02/2015,61.963.001,62.529.999,61.928.001,62.069.000,62.069.000,0
16/02/2015,62.069.000,62.369.999,61.980.000,62.165.001,62.165.001,0
23/02/2015,62.101.002,62.353.001,61.270.000,61.754.002,61.754.002,0
02/03/2015,61.651.001,62.790.001,61.630.001,62.443.001,62.443.001,0
09/03/2015,62.452.999,63.080.002,62.299.999,63.076.000,63.076.000,0
16/03/2015,63.076.000,63.076.000,61.860.001,62.483.002,62.483.002,0
23/03/2015,62.403.000,62.860.001,62.060.001,62.828.999,62.828.999,0
30/03/2015,62.560.001,62.680.000,61.560.001,62.060.001,62.060.001,0
06/04/2015,62.060.001,62.417.999,61.790.001,62.313.999,62.313.999,0
13/04/2015,62.269.001,62.563.000,61.509.998,62.542.999,62.542.999,0
20/04/2015,62.549.999,63.654.999,62.380.001,63.654.999,63.654.999,0
27/04/2015,63.680.000,63.779.999,62.560.001,63.522.999,63.522.999,0
04/05/2015,63.720.001,64.309.998,62.830.002,64.082.001,64.082.001,0
11/05/2015,63.689.999,64.419.998,63.320.000,63.408.001,63.408.001,0
18/05/2015,63.432.999,63.873.001,63.349.998,63.625.999,63.625.999,0
25/05/2015,63.483.002,64.153.000,63.470.001,63.825.001,63.825.001,0
01/06/2015,63.736.000,64.239.998,63.500.000,64.000.999,64.000.999,0
08/06/2015,63.762.001,64.180.000,63.743.000,63.999.001,63.999.001,0
15/06/2015,64.092.003,64.315.002,63.417.000,63.645.000,63.645.000,0
22/06/2015,63.492.001,63.702.999,63.360.001,63.511.002,63.511.002,0
29/06/2015,63.444.000,63.950.001,63.279.999,63.369.999,63.369.999,0
06/07/2015,63.430.000,63.643.002,63.209.999,63.363.998,63.363.998,0
13/07/2015,63.352.001,63.592.999,63.258.999,63.484.001,63.484.001,0
20/07/2015,63.470.001,64.163.002,63.419.998,63.848.000,63.848.000,0
27/07/2015,64.099.998,64.263.000,63.740.002,64.117.996,64.117.996,0
03/08/2015,63.980.000,64.169.998,63.470.001,63.733.002,63.733.002,0
10/08/2015,63.740.002,65.379.997,63.610.001,65.268.997,65.268.997,0
17/08/2015,65.122.002,66.239.998,64.279.999,65.460.999,65.460.999,0
24/08/2015,66.026.001,67.059.998,65.769.997,66.055.000,66.055.000,0
31/08/2015,66.142.998,66.721.001,65.949.997,66.160.004,66.160.004,0
07/09/2015,66.678.001,66.905.998,66.220.001,66.319.000,66.319.000,0
14/09/2015,66.234.001,66.513.000,65.410.004,66.122.002,66.122.002,0
21/09/2015,65.889.999,66.370.003,65.309.998,66.221.001,66.221.001,0
28/09/2015,66.163.002,66.430.000,65.129.997,65.617.996,65.617.996,0
05/10/2015,65.357.002,65.428.001,64.580.002,64.772.003,64.772.003,0
12/10/2015,64.559.998,65.190.002,64.550.003,64.783.997,64.783.997,0
19/10/2015,64.599.998,65.239.998,64.599.998,65.050.003,65.050.003,0
26/10/2015,64.949.997,65.445.000,64.699.997,65.444.000,65.444.000,0
02/11/2015,65.415.001,66.139.999,65.260.002,65.860.001,65.860.001,0
09/11/2015,66.510.002,66.550.003,65.809.998,66.047.997,66.047.997,0
16/11/2015,66.051.003,66.309.998,65.730.003,66.084.999,66.084.999,0
23/11/2015,66.099.998,66.889.999,66.050.003,66.557.999,66.557.999,0
30/11/2015,66.660.004,66.980.003,66.290.001,66.803.001,66.803.001,0
07/12/2015,66.650.002,67.106.003,65.959.999,66.786.003,66.786.003,0
14/12/2015,67.140.999,67.172.997,66.199.997,66.459.000,66.459.000,0
21/12/2015,66.248.001,66.360.001,65.660.004,65.940.002,65.940.002,0
28/12/2015,65.959.999,66.464.996,65.940.002,66.193.001,66.193.001,0
04/01/2016,66.193.001,66.959.999,66.029.999,66.920.998,66.920.998,0
11/01/2016,66.839.996,67.760.002,66.430.000,67.304.001,67.304.001,0
18/01/2016,67.766.998,68.142.998,67.360.001,67.541.000,67.541.000,0
25/01/2016,67.541.000,68.235.001,67.400.002,68.093.002,68.093.002,0
01/02/2016,67.870.003,68.279.999,67.309.998,67.802.002,67.802.002,0
08/02/2016,67.802.002,68.550.003,67.589.996,68.473.999,68.473.999,0
15/02/2016,68.111.000,68.830.002,67.940.002,68.538.002,68.538.002,0
22/02/2016,68.480.003,68.901.001,68.269.997,68.796.997,68.796.997,0
29/02/2016,68.730.003,68.790.001,66.919.998,67.142.998,67.142.998,0
07/03/2016,66.930.000,67.529.999,66.779.999,67.308.998,67.308.998,0
14/03/2016,66.913.002,67.434.998,66.099.998,66.375.999,66.375.999,0
21/03/2016,66.375.999,66.930.000,66.230.003,66.906.998,66.906.998,0
28/03/2016,66.906.998,66.906.998,65.940.002,66.358.002,66.358.002,0
04/04/2016,66.358.002,66.779.999,65.610.001,66.543.999,66.543.999,0
11/04/2016,66.543.999,66.739.998,66.260.002,66.637.001,66.637.001,0
18/04/2016,66.653.000,66.690.002,65.910.004,66.512.001,66.512.001,0
25/04/2016,66.653.000,66.849.998,65.879.997,66.417.999,66.417.999,0
02/05/2016,66.417.999,66.708.000,66.010.002,66.601.997,66.601.997,0
09/05/2016,66.594.002,66.989.998,66.370.003,66.750.999,66.750.999,0
16/05/2016,66.847.000,67.610.001,66.480.003,67.422.997,67.422.997,0
23/05/2016,67.422.997,67.779.999,66.830.002,67.024.002,67.024.002,0
30/05/2016,67.024.002,67.504.997,66.790.001,67.292.000,67.292.000,0
06/06/2016,66.991.997,67.040.001,66.370.003,66.740.997,66.740.997,0
13/06/2016,66.945.000,67.443.001,66.889.999,67.066.002,67.066.002,0
20/06/2016,67.599.998,68.203.003,67.050.003,67.241.997,67.241.997,0
27/06/2016,67.730.003,68.139.999,67.059.998,67.181.999,67.181.999,0
04/07/2016,67.169.998,67.589.996,66.800.003,67.132.004,67.132.004,0
11/07/2016,67.132.004,67.209.999,66.639.999,67.133.003,67.133.003,0
18/07/2016,67.133.003,67.260.002,66.959.999,67.153.999,67.153.999,0
25/07/2016,67.146.004,67.470.001,66.599.998,66.648.003,66.648.003,0
01/08/2016,66.648.003,67.002.998,66.529.999,66.841.003,66.841.003,0
08/08/2016,66.834.999,66.968.002,66.605.003,66.899.597,66.899.597,0
15/08/2016,66.899.498,67.192.902,66.680.000,67.127.502,67.127.502,0
22/08/2016,67.128.601,67.239.998,66.800.003,67.128.998,67.128.998,0
29/08/2016,67.126.503,67.193.001,66.519.997,66.572.800,66.572.800,0
05/09/2016,66.572.800,66.898.804,66.070.000,66.778.000,66.778.000,0
12/09/2016,66.897.003,67.121.201,66.680.000,67.065.300,67.065.300,0
19/09/2016,67.065.498,67.150.002,66.519.997,66.696.503,66.696.503,0
26/09/2016,66.697.502,66.943.001,66.332.497,66.546.501,66.546.501,0
03/10/2016,66.545.502,66.870.003,66.349.998,66.591.202,66.591.202,0
10/10/2016,66.591.499,66.980.003,66.469.803,66.705.299,66.705.299,0
17/10/2016,66.709.999,66.992.500,66.599.998,66.911.201,66.911.201,0
24/10/2016,66.917.999,66.945.000,66.748.001,66.781.403,66.781.403,0
31/10/2016,66.781.403,66.900.002,66.628.304,66.785.301,66.785.301,0
07/11/2016,66.785.301,67.644.997,66.205.002,67.546.799,67.546.799,0
14/11/2016,67.547.203,68.250.000,67.389.999,68.169.998,68.169.998,0
21/11/2016,68.168.503,68.894.997,67.949.997,68.508.499,68.508.499,0
28/11/2016,68.508.499,68.800.003,68.010.002,68.011.497,68.011.497,0
05/12/2016,68.011.497,68.258.003,67.307.999,67.460.503,67.460.503,0
12/12/2016,67.461.800,67.900.002,67.379.898,67.834.999,67.834.999,0
19/12/2016,67.834.999,68.098.701,67.699.997,67.830.803,67.830.803,0
26/12/2016,67.830.803,68.249.100,67.699.997,67.944.801,67.944.801,0
02/01/2017,67.944.801,68.430.000,67.714.996,68.142.601,68.142.601,0
09/01/2017,68.132.599,68.492.996,67.949.997,68.157.799,68.157.799,0
16/01/2017,68.157.799,68.290.001,67.879.997,68.077.202,68.077.202,0
23/01/2017,68.072.197,68.224.998,67.959.999,68.110.001,68.110.001,0
30/01/2017,68.109.901,68.109.901,67.029.999,67.157.303,67.157.303,0
06/02/2017,67.168.198,67.449.997,66.650.002,66.843.697,66.843.697,0
13/02/2017,66.840.698,67.165.001,66.760.002,67.065.201,67.065.201,0
20/02/2017,67.065.498,67.095.001,66.519.997,66.635.002,66.635.002,0
27/02/2017,66.635.002,66.889.999,66.589.996,66.773.003,66.773.003,0
06/03/2017,66.709.999,66.852.997,66.485.001,66.485.001,66.485.001,0
13/03/2017,66.485.001,66.580.002,65.209.999,65.468.102,65.468.102,0
20/03/2017,65.468.102,65.584.999,65.180.000,65.393.097,65.393.097,0
27/03/2017,65.417.999,65.417.999,64.739.998,64.796.700,64.796.700,0
03/04/2017,64.852.997,65.192.497,64.150.002,64.260.002,64.260.002,0
10/04/2017,64.260.300,64.739.998,64.254.997,64.453.697,64.453.697,0
17/04/2017,64.435.501,64.720.001,64.239.998,64.639.999,64.639.999,0
24/04/2017,64.640.297,64.642.998,63.928.001,64.258.301,64.258.301,0
01/05/2017,64.280.502,64.389.999,64.059.998,64.169.998,64.169.998,0
08/05/2017,64.307.999,64.690.002,64.120.003,64.165.497,64.165.497,0
15/05/2017,64.236.000,65.139.999,63.880.001,64.448.502,64.448.502,0
22/05/2017,64.448.799,64.947.998,64.410.004,64.513.199,64.513.199,0
29/05/2017,64.500.504,64.688.004,64.220.001,64.404.999,64.404.999,0
05/06/2017,64.405.502,64.500.000,64.167.999,64.376.999,64.376.999,0
12/06/2017,64.376.999,64.760.002,64.019.997,64.394.997,64.394.997,0
19/06/2017,64.454.498,64.680.000,64.339.996,64.498.001,64.498.001,0
26/06/2017,64.495.499,64.839.996,64.389.999,64.606.796,64.606.796,0
03/07/2017,64.610.497,64.900.002,64.500.000,64.611.702,64.611.702,0
10/07/2017,64.615.501,64.615.501,64.227.501,64.267.303,64.267.303,0
17/07/2017,64.416.000,64.461.098,64.254.997,64.461.098,64.461.098,0
24/07/2017,64.377.998,64.480.003,64.050.003,64.123.497,64.123.497,0
31/07/2017,64.105.499,64.212.997,63.563.000,63.665.100,63.665.100,0
07/08/2017,63.665.501,64.254.997,63.612.999,64.081.001,64.081.001,0
14/08/2017,64.130.501,64.349.998,63.849.998,64.075.897,64.075.897,0
21/08/2017,64.085.503,64.160.004,63.869.999,63.995.499,63.995.499,0
28/08/2017,63.998.001,64.110.001,63.770.000,64.015.503,64.015.503,0
04/09/2017,64.017.998,64.269.997,63.770.000,63.931.000,63.931.000,0
11/09/2017,63.778.000,64.290.001,63.775.002,64.120.201,64.120.201,0
18/09/2017,64.100.502,65.199.997,64.000.000,64.890.999,64.890.999,0
25/09/2017,64.788.002,65.889.999,64.730.003,65.293.297,65.293.297,0
02/10/2017,65.300.499,65.680.000,64.949.997,65.414.200,65.414.200,0
09/10/2017,65.390.503,65.449.997,64.650.002,64.672.997,64.672.997,0
16/10/2017,64.690.002,65.153.000,64.665.001,65.104.103,65.104.103,0
23/10/2017,65.032.997,65.239.998,64.599.998,65.032.997,65.032.997,0
30/10/2017,64.873.398,65.029.999,64.389.999,64.693.398,64.693.398,0
06/11/2017,64.693.398,65.370.003,64.559.998,65.182.999,65.182.999,0
13/11/2017,65.160.301,65.580.002,64.680.000,65.008.003,65.008.003,0
20/11/2017,64.904.999,65.147.003,64.537.498,64.544.998,64.544.998,0
27/11/2017,64.544.998,64.809.998,64.269.997,64.513.000,64.513.000,0
04/12/2017,64.509.003,64.629.997,64.220.001,64.473.000,64.473.000,0
11/12/2017,64.473.000,64.559.998,63.990.002,64.072.998,64.072.998,0
18/12/2017,64.072.304,64.690.002,63.919.998,64.007.797,64.007.797,0
25/12/2017,64.007.797,64.250.000,63.790.001,63.840.801,63.840.801,0
01/01/2018,63.840.801,63.869.999,63.209.999,63.333.000,63.333.000,0
08/01/2018,63.264.999,63.840.000,63.230.000,63.588.501,63.588.501,0
15/01/2018,63.588.501,64.129.997,63.330.002,63.823.002,63.823.002,0
22/01/2018,63.832.100,63.990.002,63.400.002,63.573.101,63.573.101,0
29/01/2018,63.570.000,64.235.001,63.490.002,64.132.500,64.132.500,0
05/02/2018,64.132.500,64.480.003,63.980.000,64.211.304,64.211.304,0
12/02/2018,64.211.304,64.430.000,63.813.000,64.379.997,64.379.997,0
19/02/2018,64.379.997,65.110.001,64.242.996,64.703.003,64.703.003,0
26/02/2018,64.889.999,65.599.998,64.629.997,65.186.699,65.186.699,0
05/03/2018,65.186.699,65.400.002,64.794.998,65.090.401,65.090.401,0
12/03/2018,64.964.897,65.290.001,64.669.998,65.014.397,65.014.397,0
19/03/2018,65.065.002,65.294.998,64.924.698,65.014.999,65.014.999,0
26/03/2018,64.980.499,65.400.002,64.680.000,65.069.801,65.069.801,0
02/04/2018,65.108.002,65.199.997,64.820.000,64.904.503,64.904.503,0
09/04/2018,64.920.502,65.449.997,64.805.000,65.195.602,65.195.602,0
16/04/2018,65.245.499,66.349.998,65.209.999,66.203.003,66.203.003,0
23/04/2018,66.200.500,67.120.003,66.139.999,66.610.001,66.610.001,0
30/04/2018,66.610.497,67.040.001,66.199.997,66.809.998,66.809.998,0
07/05/2018,66.813.004,67.599.998,66.750.000,67.382.202,67.382.202,0
14/05/2018,67.350.502,68.480.003,67.190.002,67.974.998,67.974.998,0
21/05/2018,67.983.002,68.540.001,67.660.004,67.721.703,67.721.703,0
28/05/2018,67.723.000,68.139.999,66.919.998,66.987.999,66.987.999,0
04/06/2018,66.987.999,67.879.997,66.790.001,67.523.003,67.523.003,0
11/06/2018,67.520.500,68.449.997,67.309.998,68.449.997,68.449.997,0
18/06/2018,68.053.001,68.680.000,67.690.002,67.830.002,67.830.002,0
25/06/2018,67.860.497,69.209.999,67.849.998,68.434.998,68.434.998,0
02/07/2018,68.450.500,69.205.002,68.370.003,68.754.997,68.754.997,0
09/07/2018,68.795.502,69.099.998,68.250.000,68.486.702,68.486.702,0
16/07/2018,68.492.996,69.220.001,68.250.000,68.733.002,68.733.002,0
23/07/2018,68.733.002,69.239.998,68.529.999,68.610.001,68.610.001,0
30/07/2018,68.595.497,69.029.999,68.209.999,68.510.002,68.510.002,0
06/08/2018,68.535.500,69.165.001,68.309.998,69.080.002,69.080.002,0
13/08/2018,68.883.003,70.889.999,68.879.997,69.779.999,69.779.999,0
20/08/2018,70.093.002,70.275.002,69.528.000,70.275.002,70.275.002,0
27/08/2018,69.962.997,71.190.002,69.709.999,70.995.003,70.995.003,0
03/09/2018,70.998.001,72.150.002,70.709.999,72.095.001,72.095.001,0
10/09/2018,71.782.997,72.989.998,71.500.000,72.027.496,72.027.496,0
17/09/2018,71.873.001,72.930.000,71.699.997,72.230.003,72.230.003,0
24/09/2018,72.233.002,73.250.000,72.230.003,72.510.002,72.510.002,0
01/10/2018,72.500.504,74.610.001,72.500.504,73.763.000,73.763.000,0
08/10/2018,73.763.000,74.900.002,73.510.002,74.160.004,74.160.004,0
15/10/2018,73.602.997,74.389.999,73.220.001,74.160.004,74.160.004,0
22/10/2018,73.367.996,73.919.998,72.589.996,73.125.000,73.125.000,0
29/10/2018,73.125.000,74.250.000,72.432.999,72.904.999,72.904.999,0
05/11/2018,72.904.999,73.330.002,72.099.998,72.470.001,72.470.001,0
12/11/2018,72.470.001,73.080.002,71.723.000,71.973.000,71.973.000,0
19/11/2018,71.775.002,72.110.001,70.339.996,70.648.003,70.648.003,0
26/11/2018,70.669.998,71.040.001,69.580.002,69.642.998,69.642.998,0
03/12/2018,69.760.002,71.430.000,69.759.003,70.750.000,70.750.000,0
10/12/2018,71.364.998,72.699.997,70.852.997,71.546.997,71.546.997,0
17/12/2018,71.910.004,71.910.500,69.650.002,70.129.997,70.129.997,0
24/12/2018,70.139.999,70.400.002,69.629.997,69.849.998,69.849.998,0
31/12/2018,69.922.501,70.510.002,69.430.000,69.525.002,69.525.002,0
07/01/2019,69.525.002,70.639.999,69.080.002,70.370.003,70.370.003,0
14/01/2019,70.370.003,71.570.000,70.269.997,71.030.197,71.030.197,0
21/01/2019,71.230.003,71.529.999,70.884.003,70.970.001,70.970.001,0
28/01/2019,70.974.998,71.550.003,70.839.996,71.449.997,71.449.997,0
04/02/2019,71.451.698,71.900.002,71.019.997,71.099.998,71.099.998,0
11/02/2019,71.150.002,71.459.999,70.389.999,71.320.000,71.320.000,0
18/02/2019,71.320.000,71.610.001,70.930.000,71.028.000,71.028.000,0
25/02/2019,71.027.496,71.592.499,70.688.301,70.989.998,70.989.998,0
04/03/2019,70.989.998,71.199.997,69.775.299,69.986.900,69.986.900,0
11/03/2019,69.986.900,70.023.499,68.915.001,69.337.303,69.337.303,0
18/03/2019,68.953.003,69.480.003,68.350.502,69.160.004,69.160.004,0
25/03/2019,69.160.599,69.430.000,68.634.003,69.430.000,69.430.000,0
01/04/2019,69.430.000,69.610.001,68.377.998,68.970.398,68.970.398,0
08/04/2019,69.160.500,69.769.997,68.830.002,69.182.999,69.182.999,0
15/04/2019,69.182.999,69.754.997,68.924.004,69.380.997,69.380.997,0
22/04/2019,69.388.000,70.540.001,69.360.001,69.844.299,69.844.299,0
29/04/2019,69.843.002,70.050.003,69.062.500,69.424.400,69.424.400,0
06/05/2019,69.087.997,70.410.004,69.087.997,70.410.004,70.410.004,0
13/05/2019,70.008.003,70.959.999,69.915.001,70.235.001,70.235.001,0
20/05/2019,70.273.003,70.281.502,69.260.002,69.373.001,69.373.001,0
27/05/2019,69.373.001,70.059.998,69.309.998,69.980.003,69.980.003,0
03/06/2019,69.570.503,69.625.000,68.905.998,69.360.001,69.360.001,0
10/06/2019,69.348.000,69.842.003,69.120.003,69.859.001,69.859.001,0
17/06/2019,69.825.996,70.112.503,69.331.001,69.779.999,69.779.999,0
24/06/2019,69.608.002,69.769.997,68.869.003,69.324.997,69.324.997,0
01/07/2019,68.940.498,69.167.503,68.389.000,68.440.002,68.440.002,0
08/07/2019,68.443.001,68.849.998,68.202.301,68.550.301,68.550.301,0
15/07/2019,68.550.499,69.012.497,68.301.498,68.913.597,68.913.597,0
22/07/2019,68.852.997,69.357.498,68.816.002,69.150.497,69.150.497,0
29/07/2019,68.870.499,69.800.003,68.660.004,69.297.203,69.297.203,0
05/08/2019,69.693.001,71.519.997,69.657.898,70.470.901,70.470.901,0
12/08/2019,70.917.000,71.900.002,70.739.998,71.720.001,71.720.001,0
19/08/2019,71.148.003,72.264.999,71.035.004,71.727.097,71.727.097,0
26/08/2019,71.504.997,72.334.999,71.370.003,71.680.199,71.680.199,0
02/09/2019,71.445.999,72.620.003,71.445.999,71.669.998,71.669.998,0
09/09/2019,71.638.000,72.180.000,70.858.002,71.020.699,71.020.699,0
16/09/2019,70.977.997,72.322.304,70.712.303,71.717.499,71.717.499,0
23/09/2019,71.068.001,71.324.997,70.365.997,70.639.999,70.639.999,0
30/09/2019,70.500.999,71.542.999,70.375.298,70.822.502,70.822.502,0
07/10/2019,70.818.001,71.574.997,70.759.003,71.029.999,71.029.999,0
14/10/2019,70.917.000,71.760.002,70.731.499,71.422.501,71.422.501,0
21/10/2019,71.083.000,71.346.001,70.699.501,70.830.002,70.830.002,0
28/10/2019,70.830.002,71.272.499,70.512.001,70.512.100,70.512.100,0
04/11/2019,70.512.100,71.470.001,70.471.497,71.361.267,71.361.267,0
11/11/2019,71.349.998,72.360.001,71.233.002,71.705.803,71.705.803,0
18/11/2019,71.625.000,72.169.998,71.572.998,71.782.600,71.782.600,0
25/11/2019,71.782.600,71.875.504,71.219.803,71.723.000,71.723.000,0
02/12/2019,71.738.998,71.959.999,71.179.100,71.286.797,71.286.797,0
09/12/2019,71.272.903,71.275.002,70.471.001,70.689.003,70.689.003,0
16/12/2019,70.679.497,71.425.003,70.666.496,71.024.002,71.024.002,0
23/12/2019,71.050.003,71.561.996,71.033.997,71.313.004,71.313.004,0
30/12/2019,71.410.004,71.995.003,71.025.002,71.731.003,71.731.003,0
06/01/2020,71.720.001,72.500.000,70.829.002,70.953.003,70.953.003,0
13/01/2020,70.953.003,71.162.498,70.606.499,71.034.698,71.034.698,0
20/01/2020,71.033.699,71.510.002,70.720.001,71.324.997,71.324.997,0
27/01/2020,71.320.000,71.711.998,71.168.503,71.496.498,71.496.498,0
03/02/2020,71.544.998,71.699.997,71.084.999,71.515.503,71.515.503,0
10/02/2020,71.504.997,71.596.001,71.064.003,71.514.801,71.514.801,0
17/02/2020,71.517.700,72.110.001,71.268.997,71.886.803,71.886.803,0
24/02/2020,71.870.003,72.815.002,71.525.597,72.150.002,72.150.002,0
02/03/2020,72.528.999,74.440.002,71.952.499,73.995.300,73.995.300,0
09/03/2020,73.995.300,75.434.998,73.404.503,73.903.999,73.903.999,0
16/03/2020,73.830.002,76.584.999,73.580.002,75.159.698,75.159.698,0
23/03/2020,75.388.496,77.754.997,73.989.998,74.875.504,74.875.504,0
30/03/2020,75.464.996,77.570.000,74.989.998,77.139.999,77.139.999,0
06/04/2020,76.230.003,77.379.997,75.251.999,76.166.496,76.166.496,0
13/04/2020,76.166.496,77.570.000,75.921.303,76.490.997,76.490.997,0
20/04/2020,76.559.998,77.684.998,75.672.501,76.301.498,76.301.498,0
27/04/2020,76.271.500,76.785.004,74.805.000,75.830.498,75.830.498,0
04/05/2020,75.591.003,76.550.003,75.260.002,75.503.502,75.503.502,0
11/05/2020,75.525.002,76.309.998,75.039.497,75.822.998,75.822.998,0
18/05/2020,75.820.000,76.209.503,75.416.000,75.977.501,75.977.501,0
25/05/2020,75.985.001,76.129.997,75.381.302,75.513.199,75.513.199,0
01/06/2020,75.513.199,75.792.503,74.914.398,75.564.003,75.564.003,0
08/06/2020,75.517.700,76.389.999,75.376.900,75.956.497,75.956.497,0
15/06/2020,75.956.902,76.654.999,75.745.003,76.239.799,76.239.799,0
22/06/2020,76.257.301,76.453.499,75.430.496,75.627.502,75.627.502,0
29/06/2020,75.619.797,75.750.000,74.544.502,74.678.200,74.678.200,0
06/07/2020,74.679.298,75.355.003,74.430.298,75.188.004,75.188.004,0
13/07/2020,75.194.298,75.574.997,74.916.000,74.927.002,74.927.002,0
20/07/2020,74.897.400,75.150.002,74.464.600,74.669.701,74.669.701,0
27/07/2020,74.725.601,75.089.996,74.513.496,74.876.900,74.876.900,0
03/08/2020,74.917.900,75.364.998,74.768.997,75.017.998,75.017.998,0
10/08/2020,75.026.901,75.246.002,74.515.999,74.849.701,74.849.701,0
17/08/2020,74.902.802,75.199.997,74.570.297,74.875.298,74.875.298,0
24/08/2020,74.921.799,74.921.799,73.095.802,73.125.000,73.125.000,0
31/08/2020,73.128.403,73.885.002,72.718.498,73.172.699,73.172.699,0
07/09/2020,73.290.298,74.050.003,73.012.001,73.425.499,73.425.499,0
14/09/2020,73.478.699,73.800.003,73.172.997,73.602.898,73.602.898,0
21/09/2020,73.534.798,74.222.000,73.278.000,73.695.999,73.695.999,0
28/09/2020,73.699.402,73.974.998,73.027.000,73.260.902,73.260.902,0
05/10/2020,73.322.502,73.815.002,72.959.702,72.959.702,72.959.702,0
12/10/2020,73.014.900,73.620.003,72.933.998,73.443.001,73.443.001,0
19/10/2020,73.443.802,73.885.300,73.283.997,73.822.899,73.822.899,0
26/10/2020,73.834.000,74.702.003,73.613.998,74.264.000,74.264.000,0
02/11/2020,74.707.298,75.000.999,73.845.802,73.979.797,73.979.797,0
09/11/2020,73.975.800,74.887.299,73.643.097,74.487.701,74.487.701,0
16/11/2020,74.589.798,74.704.803,74.035.202,74.162.399,74.162.399,0
23/11/2020,74.119.797,74.406.303,73.738.899,73.940.903,73.940.903,0
30/11/2020,73.935.303,74.198.502,73.398.003,73.790.298,73.790.298,0
07/12/2020,73.790.298,74.037.300,73.530.998,73.737.999,73.737.999,0
14/12/2020,73.737.999,73.900.299,73.384.697,73.603.600,73.603.600,0
21/12/2020,73.603.600,74.269.997,73.450.798,73.689.003,73.689.003,0
28/12/2020,73.689.003,73.767.303,72.946.602,73.092.003,73.092.003,0
04/01/2021,73.092.003,73.739.799,72.798.500,73.373.398,73.373.398,0
11/01/2021,73.373.398,73.778.999,72.939.003,73.158.997,73.158.997,0
18/01/2021,73.158.997,73.419.998,72.883.003,72.954.903,72.954.903,0
25/01/2021,72.995.903,73.222.000,72.767.502,72.906.601,72.906.601,0
01/02/2021,72.906.601,73.324.799,72.777.702,72.784.798,72.784.798,0
08/02/2021,72.784.798,73.109.001,72.562.798,72.590.797,72.590.797,0
15/02/2021,72.594.803,73.153.999,72.398.300,72.563.004,72.563.004,0
22/02/2021,72.553.001,74.178.703,72.267.998,73.595.901,73.595.901,0
01/03/2021,73.595.901,74.125.000,72.612.198,73.133.400,73.133.400,0
08/03/2021,73.133.400,73.415.298,72.564.796,72.689.003,72.689.003,0
15/03/2021,72.682.999,73.008.003,72.295.601,72.441.803,72.441.803,0
22/03/2021,72.404.999,73.137.001,72.265.999,72.612.801,72.612.801,0
29/03/2021,72.447.304,73.652.298,72.447.304,73.287.300,73.287.300,0
05/04/2021,73.376.099,75.006.302,73.197.304,74.729.202,74.729.202,0
12/04/2021,74.729.599,75.517.998,74.180.199,74.532.997,74.532.997,0
19/04/2021,74.541.298,75.724.800,74.501.999,75.211.502,75.211.502,0
26/04/2021,74.868.202,75.251.999,73.825.401,74.087.997,74.087.997,0
03/05/2021,74.094.902,74.494.003,73.166.199,73.253.998,73.253.998,0
10/05/2021,73.290.398,73.845.299,73.184.998,73.444.901,73.444.901,0
17/05/2021,73.278.999,73.723.297,72.752.998,73.021.896,73.021.896,0
24/05/2021,72.909.798,73.195.000,72.335.800,72.682.999,72.682.999,0
31/05/2021,72.393.600,73.434.998,72.344.498,73.044.197,73.044.197,0
07/06/2021,72.909.798,73.318.398,72.741.096,73.012.299,73.012.299,0
14/06/2021,73.231.697,74.522.301,73.100.502,74.253.899,74.253.899,0
21/06/2021,74.143.997,74.544.800,73.510.803,74.220.001,74.220.001,0
28/06/2021,74.212.997,74.899.002,74.062.500,74.743.797,74.743.797,0
05/07/2021,74.481.903,74.911.003,74.203.003,74.487.000,74.487.000,0
12/07/2021,74.490.601,74.869.003,74.275.398,74.901.299,74.901.299,0
19/07/2021,74.631.897,75.205.002,74.307.999,74.427.002,74.427.002,0
26/07/2021,74.448.997,74.737.999,74.154.404,74.251.999,74.251.999,0
02/08/2021,74.379.204,74.599.998,74.045.097,74.203.003,74.203.003,0
09/08/2021,74.491.501,74.650.002,74.002.296,74.260.101,74.260.101,0
16/08/2021,74.216.904,74.559.799,74.080.803,74.345.001,74.345.001,0
23/08/2021,74.351.303,74.351.402,73.426.300,74.155.998,74.155.998,0
30/08/2021,73.496.696,73.699.799,72.904.800,73.054.298,73.054.298,0
06/09/2021,72.994.598,73.868.401,72.941.002,73.538.002,73.538.002,0
13/09/2021,73.524.300,73.870.003,73.336.998,73.564.903,73.564.903,0
20/09/2021,73.696.198,74.046.303,73.549.004,73.839.996,73.839.996,0
27/09/2021,73.812.897,74.564.400,73.611.801,74.254.402,74.254.402,0
04/10/2021,74.152.199,75.181.000,74.120.499,75.298.500,75.298.500,0
11/10/2021,75.305.901,75.699.997,74.761.497,74.995.003,74.995.003,0
18/10/2021,75.005.997,75.521.004,74.634.003,74.999.001,74.999.001,0
25/10/2021,74.993.797,75.322.502,74.737.999,74.797.203,74.797.203,0
01/11/2021,74.928.398,75.186.302,74.050.598,74.478.104,74.478.104,0
08/11/2021,74.191.002,74.578.499,73.830.299,74.347.000,74.347.000,0
15/11/2021,74.347.000,74.619.003,74.017.998,74.174.400,74.174.400,0
22/11/2021,74.310.699,75.115.898,74.191.498,74.505.798,74.505.798,0
29/11/2021,75.052.803,75.328.400,74.535.500,75.464.996,75.464.996,0
06/12/2021,75.472.298,75.973.900,75.077.003,75.792.297,75.792.297,0
13/12/2021,75.942.299,76.482.300,75.360.497,76.305.000,76.305.000,0
20/12/2021,76.052.299,76.172.897,74.969.002,75.067.398,75.067.398,0
27/12/2021,75.115.196,75.224.800,74.089.996,74.431.198,74.431.198,0
03/01/2022,74.515.900,74.770.302,74.152.000,74.467.300,74.467.300,0
10/01/2022,74.230.598,74.464.798,73.697.502,73.972.298,73.972.298,0
17/01/2022,74.156.097,74.834.801,74.124.702,74.452.202,74.452.202,0
24/01/2022,74.420.303,75.366.997,74.316.101,74.994.301,74.994.301,0
31/01/2022,75.046.097,75.188.797,74.432.800,74.643.898,74.643.898,0
07/02/2022,74.646.202,75.539.299,74.539.001,75.579.597,75.579.597,0
14/02/2022,75.642.899,75.727.203,74.481.003,75.063.004,75.063.004,0
21/02/2022,74.686.897,75.901.001,74.352.997,75.068.001,75.068.001,0
28/02/2022,75.055.199,76.524.101,74.900.002,76.417.999,76.417.999,0
07/03/2022,76.420.700,77.373.497,75.898.697,76.310.303,76.310.303,0
14/03/2022,76.759.003,76.981.499,75.759.003,75.981.598,75.981.598,0
21/03/2022,75.946.404,76.841.499,75.891.998,76.276.001,76.276.001,0
28/03/2022,76.278.503,76.626.503,75.561.501,75.919.098,75.919.098,0
04/04/2022,75.994.797,76.213.203,75.257.500,75.913.200,75.913.200,0
11/04/2022,75.917.297,76.595.497,75.763.496,76.308.800,76.308.800,0
18/04/2022,76.331.398,76.746.002,76.074.501,76.441.704,76.441.704,0
25/04/2022,76.463.501,77.038.002,76.268.402,76.588.997,76.588.997,0
02/05/2022,76.523.102,77.069.298,75.994.003,76.541.801,76.541.801,0
09/05/2022,76.957.497,77.725.998,76.927.498,77.443.802,77.443.802,0
16/05/2022,77.486.298,78.095.001,77.213.501,77.421.097,77.421.097,0
23/05/2022,77.818.398,77.969.803,77.420.799,77.630.203,77.630.203,0
30/05/2022,77.692.001,77.941.704,77.386.200,77.643.898,77.643.898,0
06/06/2022,77.694.199,78.193.802,77.547.501,78.148.804,78.148.804,0
13/06/2022,78.177.597,78.406.799,77.882.004,77.961.403,77.961.403,0
20/06/2022,77.961.403,78.419.502,77.859.901,78.142.403,78.142.403,0
27/06/2022,78.252.296,79.191.002,78.158.501,78.962.997,78.962.997,0
04/07/2022,78.950.699,79.548.302,78.846.497,79.332.397,79.332.397,0
11/07/2022,79.331.398,80.218.697,79.141.998,79.685.204,79.685.204,0
18/07/2022,79.720.497,80.271.004,79.713.699,79.876.503,79.876.503,0
25/07/2022,79.876.801,80.144.798,79.119.499,79.571.503,79.571.503,0
01/08/2022,79.194.801,79.800.003,77.774.300,79.591.003,79.591.003,0
08/08/2022,79.410.599,79.936.996,79.007.004,79.613.998,79.613.998,0
15/08/2022,79.627.602,80.112.503,79.146.004,79.886.597,79.886.597,0
22/08/2022,79.917.900,80.154.800,79.502.998,79.956.299,79.956.299,0
29/08/2022,79.959.099,80.160.797,79.279.503,79.716.797,79.716.797,0
05/09/2022,79.724.503,80.141.998,79.454.002,79.648.003,79.648.003,0
12/09/2022,79.655.800,80.016.296,79.023.003,79.653.198,79.653.198,0
19/09/2022,79.689.499,81.338.097,79.576.500,81.219.498,81.219.498,0
26/09/2022,81.254.799,82.112.999,80.733.002,81.480.598,81.480.598,0
03/10/2022,81.521.301,82.824.997,81.265.999,82.783.600,82.783.600,0
10/10/2022,82.832.298,83.064.301,82.120.003,82.192.101,82.192.101,0
17/10/2022,82.412.804,83.386.002,82.011.803,82.513.496,82.513.496,0
24/10/2022,82.541.298,83.137.497,81.924.202,82.442.497,82.442.497,0
31/10/2022,82.239.197,83.123.001,81.948.700,81.974.998,81.974.998,0
07/11/2022,81.974.998,82.371.803,80.423.798,80.547.897,80.547.897,0
14/11/2022,80.497.002,81.849.998,80.373.100,81.500.198,81.500.198,0
21/11/2022,81.519.897,81.994.797,81.414.497,81.597.900,81.597.900,0
28/11/2022,81.669.701,81.921.997,80.992.996,81.430.000,81.430.000,0
05/12/2022,81.422.501,82.738.503,81.193.497,82.434.601,82.434.601,0
12/12/2022,82.413.002,83.035.896,82.363.998,82.681.801,82.681.801,0
19/12/2022,82.725.998,82.988.297,82.543.503,82.604.103,82.604.103,0
26/12/2022,82.604.103,82.917.999,81.716.797,82.739.502,82.739.502,0
02/01/2023,82.749.802,83.030.998,82.273.399,82.270.599,82.270.599,0
09/01/2023,82.273.399,82.529.198,81.092.499,81.284.798,81.284.798,0
16/01/2023,81.278.000,81.874.001,80.972.702,80.975.998,80.975.998,0
23/01/2023,80.975.998,81.765.999,80.878.502,81.514.297,81.514.297,0
30/01/2023,81.508.003,82.491.402,81.463.997,82.491.096,82.491.096,0
06/02/2023,82.225.998,82.901.299,82.233.299,82.494.698,82.494.698,0
13/02/2023,82.513.000,83.016.502,82.494.698,82.814.903,82.814.903,0
20/02/2023,82.758.003,83.005.203,82.563.004,82.932.999,82.932.999,0
27/02/2023,82.917.999,83.080.299,81.703.903,81.712.502,81.712.502,0
06/03/2023,81.712.502,82.281.303,81.619.003,82.018.303,82.018.303,0
13/03/2023,81.958.000,83.012.497,81.627.296,82.532.402,82.532.402,0
20/03/2023,82.532.997,82.882.301,82.047.096,82.347.198,82.347.198,0
27/03/2023,82.338.799,82.428.299,82.029.503,82.100.502,82.100.502,0
03/04/2023,82.184.799,82.485.497,81.764.999,81.875.000,81.875.000,0
10/04/2023,81.884.804,82.145.897,81.471.497,81.846.001,81.846.001,0
17/04/2023,81.844.803,82.375.504,81.844.803,82.140.900,82.140.900,0
24/04/2023,82.054.802,82.154.900,81.603.996,81.745.399,81.745.399,0
01/05/2023,81.744.797,81.950.996,81.616.997,81.716.103,81.716.103,0
08/05/2023,81.729.797,82.148.499,81.673.401,81.787.102,81.787.102,0
10/05/2023,82.037.003,82.087.502,81.884.003,81.930.000,81.930.000,0
